{"stats":{"minecraft:dropped":{"minecraft:wheat_seeds":1},"minecraft:used":{"alexsmobs:animal_dictionary":1},"minecraft:picked_up":{"minecraft:wheat_seeds":1},"minecraft:mined":{"minecraft:grass":21,"luminousworld:grassvariant_2":3,"luminousworld:grassvariant_3":2},"minecraft:custom":{"minecraft:jump":43,"minecraft:time_since_rest":3066,"minecraft:leave_game":1,"minecraft:sprint_one_cm":6941,"minecraft:play_time":3066,"minecraft:time_since_death":3066,"minecraft:walk_one_cm":2702,"minecraft:sneak_time":6,"minecraft:total_world_time":3066,"minecraft:drop":1,"minecraft:fall_one_cm":2264,"minecraft:fly_one_cm":8595}},"DataVersion":3465}